{
  "best_params": null,
  "metrics": {
    "accuracy": 0.9954873646209387,
    "precision": 0.9,
    "recall": 0.5,
    "f1": 0.6428571428571429,
    "roc_auc": 0.9968152866242038
  },
  "random_state": 42,
  "is_unbalanced": true
}