{
  "best_params": {
    "n_estimators": 490,
    "max_depth": 10,
    "min_samples_split": 10,
    "min_samples_leaf": 9,
    "max_features": "log2",
    "max_samples": 0.5012132915562082
  },
  "metrics": {
    "accuracy": 0.9914259927797834,
    "precision": 0.48148148148148145,
    "recall": 0.7222222222222222,
    "f1": 0.5777777777777777,
    "roc_auc": 0.9951976544333231
  },
  "random_state": 42
}